Expense Date,Category,Amount
2023-01-01,Cloud Infrastructure,1106.9398109234417
2023-01-01,Marketing,1264.1608957612477
2023-01-02,Cloud Infrastructure,847.9937374822197
2023-01-02,Marketing,997.3853286133269
2023-01-03,Cloud Infrastructure,1013.0329391469695
2023-01-03,Marketing,730.1107160766596
2023-01-04,Cloud Infrastructure,941.6668685438499
2023-01-04,Marketing,897.0711742472973
2023-01-05,Cloud Infrastructure,831.145044750303
2023-01-05,Marketing,813.0606306773361
2023-01-06,Cloud Infrastructure,915.8060822343033
2023-01-06,Marketing,905.0323070649545
2023-01-07,Cloud Infrastructure,984.0387607575235
2023-01-07,Marketing,1189.6100410801898
2023-01-08,Cloud Infrastructure,960.1799265264349
2023-01-08,Marketing,578.6470874828599
2023-01-09,Cloud Infrastructure,830.5517509892085
2023-01-09,Marketing,1133.2246669681865
2023-01-10,Cloud Infrastructure,1183.2893395988601
2023-01-10,Marketing,1145.4429761695637
2023-01-11,Cloud Infrastructure,861.147915602372
2023-01-11,Marketing,1259.1523800455705
2023-01-12,Cloud Infrastructure,1025.49419331514
2023-01-12,Marketing,1079.4680897064898
2023-01-13,Cloud Infrastructure,929.2832966573443
2023-01-13,Marketing,1470.9730642081604
2023-01-14,Cloud Infrastructure,1118.5318716605711
2023-01-14,Marketing,1091.419756831021
2023-01-15,Cloud Infrastructure,830.692400469382
2023-01-15,Marketing,1364.2500339252392
2023-01-16,Cloud Infrastructure,1116.7271189061435
2023-01-16,Marketing,1395.8767655568026
2023-01-17,Cloud Infrastructure,860.3444306782554
2023-01-17,Marketing,561.8737001011007
2023-01-18,Cloud Infrastructure,899.0974894393137
2023-01-18,Marketing,937.758274309233
2023-01-19,Cloud Infrastructure,935.3468587365678
2023-01-19,Marketing,1097.8858623829894
2023-01-20,Cloud Infrastructure,1089.4934620009847
2023-01-20,Marketing,1156.564086410478
2023-01-21,Cloud Infrastructure,1079.3919851247524
2023-01-21,Marketing,891.9579843353604
2023-01-22,Cloud Infrastructure,1131.5835891577858
2023-01-22,Marketing,1238.7746721294827
2023-01-23,Cloud Infrastructure,885.6770644835601
2023-01-23,Marketing,1447.6682675343468
2023-01-24,Cloud Infrastructure,1153.4728661970246
2023-01-24,Marketing,537.7474923575612
2023-01-25,Cloud Infrastructure,975.0693620553387
2023-01-25,Marketing,910.8586114965335
2023-01-26,Cloud Infrastructure,987.606242012901
2023-01-26,Marketing,1335.1133927257074
2023-01-27,Cloud Infrastructure,1056.471614481779
2023-01-27,Marketing,1374.116945052237
2023-01-28,Cloud Infrastructure,980.4511960882836
2023-01-28,Marketing,849.5850781386489
2023-01-29,Cloud Infrastructure,855.5170767272745
2023-01-29,Marketing,1205.5361752890803
2023-01-30,Cloud Infrastructure,982.8454466545795
2023-01-30,Marketing,610.857895290015
2023-01-31,Cloud Infrastructure,1195.332594238587
2023-01-31,Marketing,1054.1519524181954
2023-02-01,Cloud Infrastructure,1132.1534627054411
2023-02-01,Marketing,1184.6825664089833
2023-02-02,Cloud Infrastructure,1144.8554121877
2023-02-02,Marketing,547.8040342464914
2023-02-03,Cloud Infrastructure,1198.0392659376303
2023-02-03,Marketing,680.45648593809
2023-02-04,Cloud Infrastructure,1068.473555557467
2023-02-04,Marketing,906.2102315076525
2023-02-05,Cloud Infrastructure,1011.7839526145159
2023-02-05,Marketing,898.03404595245
2023-02-06,Cloud Infrastructure,1159.4716123144922
2023-02-06,Marketing,945.111192742455
2023-02-07,Cloud Infrastructure,810.5136107233063
2023-02-07,Marketing,1054.0214372595951
2023-02-08,Cloud Infrastructure,872.785254620855
2023-02-08,Marketing,1466.2646139341068
2023-02-09,Cloud Infrastructure,1176.6427951474384
2023-02-09,Marketing,654.1942668795632
2023-02-10,Cloud Infrastructure,823.9652131738676
2023-02-10,Marketing,939.6054999204109
2023-02-11,Cloud Infrastructure,863.8798648520644
2023-02-11,Marketing,827.435820801195
2023-02-12,Cloud Infrastructure,1024.7267460663775
2023-02-12,Marketing,862.5237759442846
2023-02-13,Cloud Infrastructure,1172.5474942119959
2023-02-13,Marketing,818.5300317593071
2023-02-14,Cloud Infrastructure,1009.6929330498732
2023-02-14,Marketing,1221.1828352491243
2023-02-15,Cloud Infrastructure,1013.2508258292884
2023-02-15,Marketing,1046.2732192448302
2023-02-16,Cloud Infrastructure,938.0538700658346
2023-02-16,Marketing,1273.064328764497
2023-02-17,Cloud Infrastructure,1060.215476749706
2023-02-17,Marketing,1255.9110594087394
2023-02-18,Cloud Infrastructure,983.5657884129445
2023-02-18,Marketing,757.2648802295191
2023-02-19,Cloud Infrastructure,1166.452154340254
2023-02-19,Marketing,795.0376001562468
2023-02-20,Cloud Infrastructure,981.3729200719129
2023-02-20,Marketing,1013.2478432016416
2023-02-21,Cloud Infrastructure,1011.5370158176037
2023-02-21,Marketing,1227.858140906128
2023-02-22,Cloud Infrastructure,1127.3529956360612
2023-02-22,Marketing,736.9040347767207
2023-02-23,Cloud Infrastructure,1089.8338849228808
2023-02-23,Marketing,690.4816184307383
2023-02-24,Cloud Infrastructure,1025.0098909857418
2023-02-24,Marketing,721.2740983162253
2023-02-25,Cloud Infrastructure,1173.5614884392003
2023-02-25,Marketing,1412.7514547348333
2023-02-26,Cloud Infrastructure,1011.2636742566592
2023-02-26,Marketing,542.5517576170452
2023-02-27,Cloud Infrastructure,942.3244790823392
2023-02-27,Marketing,1441.1428449707255
2023-02-28,Cloud Infrastructure,907.3627188596843
2023-02-28,Marketing,645.9348206465479
2023-03-01,Cloud Infrastructure,871.9708850434799
2023-03-01,Marketing,1267.617907748365
2023-03-02,Cloud Infrastructure,1075.065763518916
2023-03-02,Marketing,721.0317361785363
2023-03-03,Cloud Infrastructure,911.3379322061702
2023-03-03,Marketing,1203.7597433383003
2023-03-04,Cloud Infrastructure,1180.7367801951868
2023-03-04,Marketing,984.6089194456838
2023-03-05,Cloud Infrastructure,1044.1047210477907
2023-03-05,Marketing,928.167061254245
2023-03-06,Cloud Infrastructure,1138.866930403483
2023-03-06,Marketing,593.1416580895477
2023-03-07,Cloud Infrastructure,1007.7777018546543
2023-03-07,Marketing,945.0668767786543
2023-03-08,Cloud Infrastructure,1003.809026445885
2023-03-08,Marketing,1247.8436409812496
2023-03-09,Cloud Infrastructure,1138.5872460563105
2023-03-09,Marketing,557.9059440231305
2023-03-10,Cloud Infrastructure,1166.341905952358
2023-03-10,Marketing,819.9351375643756
2023-03-11,Cloud Infrastructure,1158.231176055944
2023-03-11,Marketing,958.4580285441486
2023-03-12,Cloud Infrastructure,1141.8405218488012
2023-03-12,Marketing,1055.9537615483882
2023-03-13,Cloud Infrastructure,1057.0610102553742
2023-03-13,Marketing,1297.197941883013
2023-03-14,Cloud Infrastructure,996.1745680509916
2023-03-14,Marketing,590.2573768509028
2023-03-15,Cloud Infrastructure,1055.8587091134495
2023-03-15,Marketing,604.1102330139859
2023-03-16,Cloud Infrastructure,1189.7593682705888
2023-03-16,Marketing,909.2798657506457
2023-03-17,Cloud Infrastructure,1029.0857162524876
2023-03-17,Marketing,735.6420194824209
2023-03-18,Cloud Infrastructure,1043.5848607809742
2023-03-18,Marketing,537.4656704977134
2023-03-19,Cloud Infrastructure,1037.6174373808606
2023-03-19,Marketing,677.5836941638617
2023-03-20,Cloud Infrastructure,1156.949519072373
2023-03-20,Marketing,798.7911119189864
2023-03-21,Cloud Infrastructure,877.8175219907682
2023-03-21,Marketing,619.8159371875058
2023-03-22,Cloud Infrastructure,1160.5535104578098
2023-03-22,Marketing,859.2508863666324
2023-03-23,Cloud Infrastructure,1004.6821387858636
2023-03-23,Marketing,1223.5636168984788
2023-03-24,Cloud Infrastructure,804.9440851943737
2023-03-24,Marketing,1368.33227185852
2023-03-25,Cloud Infrastructure,1039.9804606233051
2023-03-25,Marketing,1216.6580681291757
2023-03-26,Cloud Infrastructure,919.5652539821697
2023-03-26,Marketing,1201.494310407385
2023-03-27,Cloud Infrastructure,1147.5399845270065
2023-03-27,Marketing,1360.4447384932496
2023-03-28,Cloud Infrastructure,1177.995068172735
2023-03-28,Marketing,885.8759347840439
2023-03-29,Cloud Infrastructure,1013.3871055241398
2023-03-29,Marketing,636.3814603295468
2023-03-30,Cloud Infrastructure,1084.8796508902794
2023-03-30,Marketing,1140.8385443398658
2023-03-31,Cloud Infrastructure,818.5749830004712
2023-03-31,Marketing,1480.5897820631023
2023-04-01,Cloud Infrastructure,1033.0584550513422
2023-04-01,Marketing,1267.490112646551
2023-04-02,Cloud Infrastructure,1196.7194696682861
2023-04-02,Marketing,897.4541481954745
2023-04-03,Cloud Infrastructure,913.7975148145517
2023-04-03,Marketing,1329.7648024492999
2023-04-04,Cloud Infrastructure,847.9513970619087
2023-04-04,Marketing,578.4875726387806
2023-04-05,Cloud Infrastructure,994.6480789781635
2023-04-05,Marketing,750.9740334908548
2023-04-06,Cloud Infrastructure,821.5301752876189
2023-04-06,Marketing,1270.933705546055
2023-04-07,Cloud Infrastructure,1012.7777064109106
2023-04-07,Marketing,768.8220248587718
2023-04-08,Cloud Infrastructure,1115.6575120779553
2023-04-08,Marketing,508.92985588934215
2023-04-09,Cloud Infrastructure,1149.3971110322288
2023-04-09,Marketing,702.0790286887822
2023-04-10,Cloud Infrastructure,1020.0954822485057
2023-04-10,Marketing,1244.5783485031807
2023-04-11,Cloud Infrastructure,859.2049602633388
2023-04-11,Marketing,836.1681780408703
2023-04-12,Cloud Infrastructure,824.0440198302673
2023-04-12,Marketing,700.6960570006705
2023-04-13,Cloud Infrastructure,1163.8250861622469
2023-04-13,Marketing,930.0642981803849
2023-04-14,Cloud Infrastructure,1151.1067868543146
2023-04-14,Marketing,1377.779938249561
2023-04-15,Cloud Infrastructure,983.4570631314147
2023-04-15,Marketing,1355.4110564190316
2023-04-16,Cloud Infrastructure,1083.4348270013572
2023-04-16,Marketing,1479.2576595660703
2023-04-17,Cloud Infrastructure,1010.0401678750463
2023-04-17,Marketing,675.0127457993572
2023-04-18,Cloud Infrastructure,1068.3481061735743
2023-04-18,Marketing,1033.4849288951277
2023-04-19,Cloud Infrastructure,1108.5373515482715
2023-04-19,Marketing,878.9110133603829
2023-04-20,Cloud Infrastructure,890.296367364499
2023-04-20,Marketing,924.771857295731
2023-04-21,Cloud Infrastructure,894.4783523229316
2023-04-21,Marketing,680.8091908646525
2023-04-22,Cloud Infrastructure,1062.6422074257343
2023-04-22,Marketing,1335.4591370882445
2023-04-23,Cloud Infrastructure,1016.0514868076052
2023-04-23,Marketing,503.30736029463907
2023-04-24,Cloud Infrastructure,1037.9909628605103
2023-04-24,Marketing,1115.6285272581317
2023-04-25,Cloud Infrastructure,870.5295269482124
2023-04-25,Marketing,1170.142635126956
2023-04-26,Cloud Infrastructure,1036.7086528129946
2023-04-26,Marketing,648.9697017800414
2023-04-27,Cloud Infrastructure,928.1855265876998
2023-04-27,Marketing,1397.9330380809147
2023-04-28,Cloud Infrastructure,1066.5423863961018
2023-04-28,Marketing,653.4848001692794
2023-04-29,Cloud Infrastructure,1159.089444350696
2023-04-29,Marketing,1228.6055154832366
2023-04-30,Cloud Infrastructure,1017.484934099337
2023-04-30,Marketing,1372.4431344584407
2023-05-01,Cloud Infrastructure,939.1346167093612
2023-05-01,Marketing,660.5573360259688
2023-05-02,Cloud Infrastructure,911.4073329115421
2023-05-02,Marketing,1213.4938073603225
2023-05-03,Cloud Infrastructure,1096.8228536366432
2023-05-03,Marketing,526.8998426585944
2023-05-04,Cloud Infrastructure,999.6814525513435
2023-05-04,Marketing,1160.806216017284
2023-05-05,Cloud Infrastructure,887.203354073399
2023-05-05,Marketing,606.8140132364202
2023-05-06,Cloud Infrastructure,899.8414263616976
2023-05-06,Marketing,1213.5639411931081
2023-05-07,Cloud Infrastructure,820.8450446512178
2023-05-07,Marketing,1431.0646074625956
2023-05-08,Cloud Infrastructure,830.7341851179523
2023-05-08,Marketing,1268.253426984778
2023-05-09,Cloud Infrastructure,1193.6744932168417
2023-05-09,Marketing,1184.3139372982355
2023-05-10,Cloud Infrastructure,917.9325627369597
2023-05-10,Marketing,1329.4507625239976
2023-05-11,Cloud Infrastructure,1024.7925794842708
2023-05-11,Marketing,986.3652978675226
2023-05-12,Cloud Infrastructure,1064.1446527117887
2023-05-12,Marketing,1019.7783632029677
2023-05-13,Cloud Infrastructure,990.501228614999
2023-05-13,Marketing,946.1640870427541
2023-05-14,Cloud Infrastructure,849.5126445410078
2023-05-14,Marketing,1059.3528232362273
2023-05-15,Cloud Infrastructure,969.5009826462033
2023-05-15,Marketing,1411.492731833102
2023-05-16,Cloud Infrastructure,814.7184171699176
2023-05-16,Marketing,992.8378753699926
2023-05-17,Cloud Infrastructure,1167.646315104923
2023-05-17,Marketing,941.918403318441
2023-05-18,Cloud Infrastructure,885.2554030389161
2023-05-18,Marketing,980.7462076439423
2023-05-19,Cloud Infrastructure,1010.1902684405734
2023-05-19,Marketing,983.297055331244
2023-05-20,Cloud Infrastructure,1138.3206671114162
2023-05-20,Marketing,928.7929741302955
2023-05-21,Cloud Infrastructure,985.0781815532825
2023-05-21,Marketing,539.0847901798093
2023-05-22,Cloud Infrastructure,1171.5282209208601
2023-05-22,Marketing,874.6447034832565
2023-05-23,Cloud Infrastructure,911.2505773232539
2023-05-23,Marketing,1143.6020716054059
2023-05-24,Cloud Infrastructure,864.9449533052092
2023-05-24,Marketing,1262.9508557639863
2023-05-25,Cloud Infrastructure,825.7049749557731
2023-05-25,Marketing,529.666651678431
2023-05-26,Cloud Infrastructure,864.0941111117704
2023-05-26,Marketing,1428.9673591144442
2023-05-27,Cloud Infrastructure,1146.1727582694255
2023-05-27,Marketing,679.0202323852388
2023-05-28,Cloud Infrastructure,850.0945749862232
2023-05-28,Marketing,825.228974696236
2023-05-29,Cloud Infrastructure,849.8484895571178
2023-05-29,Marketing,609.9901324807051
2023-05-30,Cloud Infrastructure,1164.3545622569245
2023-05-30,Marketing,1245.9172607011365
2023-05-31,Cloud Infrastructure,1085.728383444053
2023-05-31,Marketing,824.8876985243701
2023-06-01,Cloud Infrastructure,1154.8775199245379
2023-06-01,Marketing,630.4854052480953
2023-06-02,Cloud Infrastructure,1126.368862421537
2023-06-02,Marketing,1323.9317860862848
2023-06-03,Cloud Infrastructure,1151.5960415733382
2023-06-03,Marketing,884.7438073662391
2023-06-04,Cloud Infrastructure,968.430788047604
2023-06-04,Marketing,710.7373686717585
2023-06-05,Cloud Infrastructure,803.3914923088003
2023-06-05,Marketing,856.6491436338381
2023-06-06,Cloud Infrastructure,980.0369091714246
2023-06-06,Marketing,1377.4086227680477
2023-06-07,Cloud Infrastructure,1145.72053943994
2023-06-07,Marketing,613.606876075393
2023-06-08,Cloud Infrastructure,1028.8749784017477
2023-06-08,Marketing,930.0196859376961
2023-06-09,Cloud Infrastructure,1042.4443096803284
2023-06-09,Marketing,1035.9541775512557
2023-06-10,Cloud Infrastructure,999.46038736937
2023-06-10,Marketing,1490.2597164691647
2023-06-11,Cloud Infrastructure,805.2512427285283
2023-06-11,Marketing,716.1354680966614
2023-06-12,Cloud Infrastructure,1159.9476887441167
2023-06-12,Marketing,641.8336552548633
2023-06-13,Cloud Infrastructure,1064.101325971216
2023-06-13,Marketing,500.6417114280316
2023-06-14,Cloud Infrastructure,1158.020936476233
2023-06-14,Marketing,1139.6681282837367
2023-06-15,Cloud Infrastructure,961.5095408784448
2023-06-15,Marketing,544.9291320854562
2023-06-16,Cloud Infrastructure,822.6592795429874
2023-06-16,Marketing,1197.517908303502
2023-06-17,Cloud Infrastructure,1147.5883771587726
2023-06-17,Marketing,744.2057917031957
2023-06-18,Cloud Infrastructure,1137.730132212068
2023-06-18,Marketing,717.8424999759412
2023-06-19,Cloud Infrastructure,831.8760286330718
2023-06-19,Marketing,1060.4571290734666
2023-06-20,Cloud Infrastructure,1154.1396652737878
2023-06-20,Marketing,788.4788210630779
2023-06-21,Cloud Infrastructure,1101.9844405768413
2023-06-21,Marketing,787.2713537483962
2023-06-22,Cloud Infrastructure,1143.7212238079003
2023-06-22,Marketing,1284.7717577496674
2023-06-23,Cloud Infrastructure,948.5013232212656
2023-06-23,Marketing,1104.5177821162297
2023-06-24,Cloud Infrastructure,974.1653491618995
2023-06-24,Marketing,848.1804890782564
2023-06-25,Cloud Infrastructure,1089.7107063032308
2023-06-25,Marketing,746.7321180387013
2023-06-26,Cloud Infrastructure,1027.195309853107
2023-06-26,Marketing,639.5492041847915
2023-06-27,Cloud Infrastructure,1114.1978895033585
2023-06-27,Marketing,1480.734507918843
2023-06-28,Cloud Infrastructure,1084.8134416619423
2023-06-28,Marketing,1326.9749765146087
2023-06-29,Cloud Infrastructure,983.1075589926968
2023-06-29,Marketing,1223.0601077873275
2023-06-30,Cloud Infrastructure,1098.1828953928725
2023-06-30,Marketing,1496.117521202698
2023-07-01,Cloud Infrastructure,1001.2249121332288
2023-07-01,Marketing,1125.9217220548078
2023-07-02,Cloud Infrastructure,1029.093267162398
2023-07-02,Marketing,1262.7871607295483
2023-07-03,Cloud Infrastructure,1167.9513043678874
2023-07-03,Marketing,1272.3453369389829
2023-07-04,Cloud Infrastructure,1159.819596716413
2023-07-04,Marketing,756.8616206064717
2023-07-05,Cloud Infrastructure,1111.9750772469376
2023-07-05,Marketing,1062.8830035025344
2023-07-06,Cloud Infrastructure,842.0760389124371
2023-07-06,Marketing,1269.9455863252547
2023-07-07,Cloud Infrastructure,1023.9685044832657
2023-07-07,Marketing,677.9081031528951
2023-07-08,Cloud Infrastructure,1105.746078320587
2023-07-08,Marketing,633.3567871615782
2023-07-09,Cloud Infrastructure,981.8668363350822
2023-07-09,Marketing,1158.4880020318956
2023-07-10,Cloud Infrastructure,911.2346733887024
2023-07-10,Marketing,1401.075804155294
2023-07-11,Cloud Infrastructure,912.9873802829086
2023-07-11,Marketing,1116.0490914193329
2023-07-12,Cloud Infrastructure,1033.3794084325884
2023-07-12,Marketing,1328.2545093194917
2023-07-13,Cloud Infrastructure,829.7658508333778
2023-07-13,Marketing,873.388290889257
2023-07-14,Cloud Infrastructure,961.2966730106588
2023-07-14,Marketing,1368.682331585061
2023-07-15,Cloud Infrastructure,1107.9782762414525
2023-07-15,Marketing,1211.9076188138376
2023-07-16,Cloud Infrastructure,1179.986408807727
2023-07-16,Marketing,1454.4210200792784
2023-07-17,Cloud Infrastructure,1167.762543668478
2023-07-17,Marketing,1244.2605342896654
2023-07-18,Cloud Infrastructure,949.3288503541073
2023-07-18,Marketing,1436.9280665737429
2023-07-19,Cloud Infrastructure,1187.42590796165
2023-07-19,Marketing,576.8206506902209
2023-07-20,Cloud Infrastructure,1116.1870375560143
2023-07-20,Marketing,1388.7441412101077
2023-07-21,Cloud Infrastructure,1038.1087097766374
2023-07-21,Marketing,976.368154862316
2023-07-22,Cloud Infrastructure,887.6547093798129
2023-07-22,Marketing,1085.4945826903652
2023-07-23,Cloud Infrastructure,1117.504210179961
2023-07-23,Marketing,896.3607716895026
2023-07-24,Cloud Infrastructure,973.549346576321
2023-07-24,Marketing,772.1885318171502
2023-07-25,Cloud Infrastructure,1066.5021459061195
2023-07-25,Marketing,710.547285085032
2023-07-26,Cloud Infrastructure,909.4538823820877
2023-07-26,Marketing,1314.4246779344521
2023-07-27,Cloud Infrastructure,1144.8027386173048
2023-07-27,Marketing,585.225262746808
2023-07-28,Cloud Infrastructure,1142.4559917735091
2023-07-28,Marketing,624.6488072492507
2023-07-29,Cloud Infrastructure,900.4670849324075
2023-07-29,Marketing,1304.5931925769266
2023-07-30,Cloud Infrastructure,1070.8566979493671
2023-07-30,Marketing,1449.966876960649
2023-07-31,Cloud Infrastructure,1000.5661684920042
2023-07-31,Marketing,1288.3098575656104
2023-08-01,Cloud Infrastructure,1183.9886808834133
2023-08-01,Marketing,1030.3549431653046
2023-08-02,Cloud Infrastructure,967.3075916670102
2023-08-02,Marketing,592.2247413929352
2023-08-03,Cloud Infrastructure,1027.7926135622965
2023-08-03,Marketing,1292.2985551867914
2023-08-04,Cloud Infrastructure,1008.7230867025241
2023-08-04,Marketing,1371.8406526927831
2023-08-05,Cloud Infrastructure,845.9941859485986
2023-08-05,Marketing,1015.3003124685332
2023-08-06,Cloud Infrastructure,851.7950067523607
2023-08-06,Marketing,1016.1168618262132
2023-08-07,Cloud Infrastructure,978.9307440863828
2023-08-07,Marketing,817.3202354147446
2023-08-08,Cloud Infrastructure,1123.0916613827826
2023-08-08,Marketing,605.8611999232037
2023-08-09,Cloud Infrastructure,1087.5058475509677
2023-08-09,Marketing,714.2371944362483
2023-08-10,Cloud Infrastructure,1008.3970847834038
2023-08-10,Marketing,649.6317741599685
2023-08-11,Cloud Infrastructure,979.1044834476774
2023-08-11,Marketing,648.1321423705472
2023-08-12,Cloud Infrastructure,978.4271919936341
2023-08-12,Marketing,514.6604781374007
2023-08-13,Cloud Infrastructure,953.4922705495311
2023-08-13,Marketing,748.6549222495775
2023-08-14,Cloud Infrastructure,1039.643253921041
2023-08-14,Marketing,680.5814210965341
2023-08-15,Cloud Infrastructure,853.9640068835497
2023-08-15,Marketing,1218.2783216874948
2023-08-16,Cloud Infrastructure,1090.4107888624612
2023-08-16,Marketing,820.4985725948479
2023-08-17,Cloud Infrastructure,1156.7236482891963
2023-08-17,Marketing,1442.5961466490883
2023-08-18,Cloud Infrastructure,1130.9123222113026
2023-08-18,Marketing,778.4461293192082
2023-08-19,Cloud Infrastructure,921.4558928241521
2023-08-19,Marketing,676.8767410361728
2023-08-20,Cloud Infrastructure,949.5199283540985
2023-08-20,Marketing,1067.0822064613371
2023-08-21,Cloud Infrastructure,973.4939399552823
2023-08-21,Marketing,1272.8025549058957
2023-08-22,Cloud Infrastructure,1022.8720184707585
2023-08-22,Marketing,868.574402994208
2023-08-23,Cloud Infrastructure,947.9756355945051
2023-08-23,Marketing,1035.4864276777307
2023-08-24,Cloud Infrastructure,951.2333828879426
2023-08-24,Marketing,845.8632182409199
2023-08-25,Cloud Infrastructure,960.5170537862135
2023-08-25,Marketing,557.3319234603492
2023-08-26,Cloud Infrastructure,970.6498611463866
2023-08-26,Marketing,686.4714768743966
2023-08-27,Cloud Infrastructure,955.1545179524638
2023-08-27,Marketing,584.6420680916233
2023-08-28,Cloud Infrastructure,990.5148227280173
2023-08-28,Marketing,1136.0623068435775
2023-08-29,Cloud Infrastructure,1061.6479318406743
2023-08-29,Marketing,1072.7046186113935
2023-08-30,Cloud Infrastructure,930.6549841452036
2023-08-30,Marketing,679.4604306679428
2023-08-31,Cloud Infrastructure,993.7724859165957
2023-08-31,Marketing,1062.4358654308858
2023-09-01,Cloud Infrastructure,1054.080908440102
2023-09-01,Marketing,1159.9065161861122
2023-09-02,Cloud Infrastructure,1036.9959467919832
2023-09-02,Marketing,897.4904908899241
2023-09-03,Cloud Infrastructure,831.9280892921544
2023-09-03,Marketing,748.6197870859946
2023-09-04,Cloud Infrastructure,1082.764745465307
2023-09-04,Marketing,1331.1581524568248
2023-09-05,Cloud Infrastructure,1153.8397999869899
2023-09-05,Marketing,1155.0859763461913
2023-09-06,Cloud Infrastructure,1074.5276926124109
2023-09-06,Marketing,1242.5436314075023
2023-09-07,Cloud Infrastructure,1025.7843256530134
2023-09-07,Marketing,786.8646954414146
2023-09-08,Cloud Infrastructure,1149.7726078748706
2023-09-08,Marketing,1002.6902094952133
2023-09-09,Cloud Infrastructure,988.8639212248418
2023-09-09,Marketing,888.9335453573392
2023-09-10,Cloud Infrastructure,1074.100475096933
2023-09-10,Marketing,902.826644340643
2023-09-11,Cloud Infrastructure,950.6940471457604
2023-09-11,Marketing,723.8767583132649
2023-09-12,Cloud Infrastructure,1056.3668939259849
2023-09-12,Marketing,1066.3572117920926
2023-09-13,Cloud Infrastructure,1152.3247545369866
2023-09-13,Marketing,1146.119080578628
2023-09-14,Cloud Infrastructure,973.5493771253293
2023-09-14,Marketing,1206.0978134439915
2023-09-15,Cloud Infrastructure,1046.2838741543653
2023-09-15,Marketing,1172.903902792903
2023-09-16,Cloud Infrastructure,1056.7700095566563
2023-09-16,Marketing,834.007881569265
2023-09-17,Cloud Infrastructure,828.2867855361914
2023-09-17,Marketing,800.5189978942929
2023-09-18,Cloud Infrastructure,959.3486697879166
2023-09-18,Marketing,1146.6124615959593
2023-09-19,Cloud Infrastructure,803.3454727261203
2023-09-19,Marketing,544.0167943333514
2023-09-20,Cloud Infrastructure,1181.9382310119736
2023-09-20,Marketing,874.2553195853886
2023-09-21,Cloud Infrastructure,828.3895083747044
2023-09-21,Marketing,1073.6765969381977
2023-09-22,Cloud Infrastructure,916.4680560925405
2023-09-22,Marketing,557.4898373887934
2023-09-23,Cloud Infrastructure,836.9090884379327
2023-09-23,Marketing,1311.9636366488862
2023-09-24,Cloud Infrastructure,991.3764584596971
2023-09-24,Marketing,1103.5041039846974
2023-09-25,Cloud Infrastructure,1124.763101791032
2023-09-25,Marketing,924.7523766885936
2023-09-26,Cloud Infrastructure,838.9271230856696
2023-09-26,Marketing,1115.1394596054256
2023-09-27,Cloud Infrastructure,1066.7693413297093
2023-09-27,Marketing,838.0638674525791
2023-09-28,Cloud Infrastructure,886.604049914173
2023-09-28,Marketing,573.9134326128327
2023-09-29,Cloud Infrastructure,834.5688088407658
2023-09-29,Marketing,656.0623078772147
2023-09-30,Cloud Infrastructure,861.2904772753176
2023-09-30,Marketing,1107.7368915155726
2023-10-01,Cloud Infrastructure,1166.4196097309587
2023-10-01,Marketing,1034.4746244578027
2023-10-02,Cloud Infrastructure,1038.910817935043
2023-10-02,Marketing,731.4150463021924
2023-10-03,Cloud Infrastructure,985.0358718344862
2023-10-03,Marketing,1411.8971873600628
2023-10-04,Cloud Infrastructure,912.6195727139009
2023-10-04,Marketing,638.4096666158255
2023-10-05,Cloud Infrastructure,1157.6517870944963
2023-10-05,Marketing,1481.3927133115724
2023-10-06,Cloud Infrastructure,1176.1680636885808
2023-10-06,Marketing,1312.3862390345275
2023-10-07,Cloud Infrastructure,998.3640737040175
2023-10-07,Marketing,1028.5297125014577
2023-10-08,Cloud Infrastructure,1109.1504216995986
2023-10-08,Marketing,858.9848588176742
2023-10-09,Cloud Infrastructure,952.5052969929836
2023-10-09,Marketing,994.2390726824322
2023-10-10,Cloud Infrastructure,1133.9175255783866
2023-10-10,Marketing,742.6726108507933
2023-10-11,Cloud Infrastructure,1196.0473122994265
2023-10-11,Marketing,1184.3771981704062
2023-10-12,Cloud Infrastructure,1082.9637991685097
2023-10-12,Marketing,1290.9878115981196
2023-10-13,Cloud Infrastructure,1193.2763813692036
2023-10-13,Marketing,1300.49020300457
2023-10-14,Cloud Infrastructure,950.715918721901
2023-10-14,Marketing,845.1618385158359
2023-10-15,Cloud Infrastructure,959.6557548421324
2023-10-15,Marketing,1479.7302455230592
2023-10-16,Cloud Infrastructure,889.6078982002164
2023-10-16,Marketing,1113.128545926952
2023-10-17,Cloud Infrastructure,997.0516774113435
2023-10-17,Marketing,836.2856198834136
2023-10-18,Cloud Infrastructure,925.4592939608814
2023-10-18,Marketing,1212.26747909107
2023-10-19,Cloud Infrastructure,994.6170915519384
2023-10-19,Marketing,515.4658126046363
2023-10-20,Cloud Infrastructure,915.9720023680059
2023-10-20,Marketing,1243.1797262362636
2023-10-21,Cloud Infrastructure,1002.6233643490947
2023-10-21,Marketing,971.0073843932828
2023-10-22,Cloud Infrastructure,803.793506626509
2023-10-22,Marketing,565.8155189376339
2023-10-23,Cloud Infrastructure,831.4784931949713
2023-10-23,Marketing,1120.6498232205913
2023-10-24,Cloud Infrastructure,938.440458263523
2023-10-24,Marketing,831.2764969350527
2023-10-25,Cloud Infrastructure,925.9451408272412
2023-10-25,Marketing,615.8441785345544
2023-10-26,Cloud Infrastructure,1021.3632477916331
2023-10-26,Marketing,1163.781427536076
2023-10-27,Cloud Infrastructure,920.5139120930259
2023-10-27,Marketing,1020.2361515046738
2023-10-28,Cloud Infrastructure,849.5871496857013
2023-10-28,Marketing,1340.2338169504105
2023-10-29,Cloud Infrastructure,1185.2942316036965
2023-10-29,Marketing,1060.821480011793
2023-10-30,Cloud Infrastructure,971.4815616804867
2023-10-30,Marketing,999.7223950804696
2023-10-31,Cloud Infrastructure,895.288956114595
2023-10-31,Marketing,873.0806385893474
2023-11-01,Cloud Infrastructure,1172.9709957070818
2023-11-01,Marketing,508.6518998067563
2023-11-02,Cloud Infrastructure,1093.4346400339473
2023-11-02,Marketing,1364.8738426535353
2023-11-03,Cloud Infrastructure,1051.6774814925275
2023-11-03,Marketing,634.0037402744965
2023-11-04,Cloud Infrastructure,989.8997031746708
2023-11-04,Marketing,890.8405404161094
2023-11-05,Cloud Infrastructure,969.5965410133069
2023-11-05,Marketing,508.8667067204964
2023-11-06,Cloud Infrastructure,896.4469762454946
2023-11-06,Marketing,1258.2485122722564
2023-11-07,Cloud Infrastructure,906.839126937132
2023-11-07,Marketing,691.0873892398295
2023-11-08,Cloud Infrastructure,823.3118438330055
2023-11-08,Marketing,1316.0905585911873
2023-11-09,Cloud Infrastructure,1184.6881959878478
2023-11-09,Marketing,542.0912546108483
2023-11-10,Cloud Infrastructure,909.4065641740304
2023-11-10,Marketing,1461.0239580503035
2023-11-11,Cloud Infrastructure,1116.7293776070496
2023-11-11,Marketing,802.54457314526
2023-11-12,Cloud Infrastructure,800.0890413159659
2023-11-12,Marketing,783.0588533239713
2023-11-13,Cloud Infrastructure,1098.2267947117766
2023-11-13,Marketing,747.6400302232095
2023-11-14,Cloud Infrastructure,1065.7204984050118
2023-11-14,Marketing,1031.7000608148537
2023-11-15,Cloud Infrastructure,1024.1962874542837
2023-11-15,Marketing,1282.3192150351515
2023-11-16,Cloud Infrastructure,1166.1953783756237
2023-11-16,Marketing,665.6088193274448
2023-11-17,Cloud Infrastructure,899.125201178403
2023-11-17,Marketing,1480.5212126422493
2023-11-18,Cloud Infrastructure,859.4815384791005
2023-11-18,Marketing,1309.8559341646917
2023-11-19,Cloud Infrastructure,800.1820263642979
2023-11-19,Marketing,670.4569843818088
2023-11-20,Cloud Infrastructure,952.5307138207679
2023-11-20,Marketing,691.7039153743262
2023-11-21,Cloud Infrastructure,892.8085732364535
2023-11-21,Marketing,1460.0966673891298
2023-11-22,Cloud Infrastructure,898.0244044539314
2023-11-22,Marketing,747.4605372826594
2023-11-23,Cloud Infrastructure,1027.9635262910708
2023-11-23,Marketing,1225.9087135088698
2023-11-24,Cloud Infrastructure,1000.6820125259416
2023-11-24,Marketing,1455.4349954360478
2023-11-25,Cloud Infrastructure,1030.4967250511613
2023-11-25,Marketing,1085.2311986274863
2023-11-26,Cloud Infrastructure,1053.564629775334
2023-11-26,Marketing,1399.0369018304564
2023-11-27,Cloud Infrastructure,968.4629518917869
2023-11-27,Marketing,716.5981249527582
2023-11-28,Cloud Infrastructure,1034.246796572557
2023-11-28,Marketing,1304.5009682716427
2023-11-29,Cloud Infrastructure,812.4136360674977
2023-11-29,Marketing,1385.7949496653002
2023-11-30,Cloud Infrastructure,1162.9659909658758
2023-11-30,Marketing,1118.3211097740543
2023-12-01,Cloud Infrastructure,889.4036069090387
2023-12-01,Marketing,1375.4834596791422
2023-12-02,Cloud Infrastructure,863.0732483532721
2023-12-02,Marketing,1240.5269950449983
2023-12-03,Cloud Infrastructure,1092.5642349998095
2023-12-03,Marketing,666.2012991782362
2023-12-04,Cloud Infrastructure,1177.4011643728359
2023-12-04,Marketing,657.9433084384095
2023-12-05,Cloud Infrastructure,1103.8491147670115
2023-12-05,Marketing,972.1489076494443
2023-12-06,Cloud Infrastructure,885.3873681811441
2023-12-06,Marketing,709.3371829244055
2023-12-07,Cloud Infrastructure,1027.2000345802949
2023-12-07,Marketing,1191.8150117376626
2023-12-08,Cloud Infrastructure,961.4238082496607
2023-12-08,Marketing,994.0189795330059
2023-12-09,Cloud Infrastructure,906.7746081629209
2023-12-09,Marketing,592.6098683976186
2023-12-10,Cloud Infrastructure,847.4280104159873
2023-12-10,Marketing,1245.8704263964378
2023-12-11,Cloud Infrastructure,1047.509104850246
2023-12-11,Marketing,960.6262833905531
2023-12-12,Cloud Infrastructure,1052.7168094921178
2023-12-12,Marketing,1170.8253818079702
2023-12-13,Cloud Infrastructure,1044.8296413875223
2023-12-13,Marketing,753.165304356737
2023-12-14,Cloud Infrastructure,1073.3872917930137
2023-12-14,Marketing,1001.8598378016695
2023-12-15,Cloud Infrastructure,874.1420699064146
2023-12-15,Marketing,761.2358352834647
2023-12-16,Cloud Infrastructure,1182.1872485155197
2023-12-16,Marketing,625.3726040203854
2023-12-17,Cloud Infrastructure,1072.9078192235374
2023-12-17,Marketing,1429.968100921341
2023-12-18,Cloud Infrastructure,943.3875834022522
2023-12-18,Marketing,1064.6593646797994
2023-12-19,Cloud Infrastructure,928.7637789547795
2023-12-19,Marketing,1443.325948027562
2023-12-20,Cloud Infrastructure,1135.2724341442567
2023-12-20,Marketing,1350.3114288347824
2023-12-21,Cloud Infrastructure,874.9601953562144
2023-12-21,Marketing,964.6838637827251
2023-12-22,Cloud Infrastructure,823.0147293043309
2023-12-22,Marketing,546.3215017609256
2023-12-23,Cloud Infrastructure,1098.128784786295
2023-12-23,Marketing,1122.1596113240475
2023-12-24,Cloud Infrastructure,986.1871505897193
2023-12-24,Marketing,1111.7518037785949
2023-12-25,Cloud Infrastructure,994.6444855347645
2023-12-25,Marketing,1450.456556950537
2023-12-26,Cloud Infrastructure,827.9010464939645
2023-12-26,Marketing,844.2650056004804
2023-12-27,Cloud Infrastructure,1056.4585128389576
2023-12-27,Marketing,1317.282501571654
2023-12-28,Cloud Infrastructure,887.5951707911458
2023-12-28,Marketing,1013.1155004317425
2023-12-29,Cloud Infrastructure,927.9112105061217
2023-12-29,Marketing,1181.427948032675
2023-12-30,Cloud Infrastructure,1156.7629495174851
2023-12-30,Marketing,1198.4285059622734
2023-12-31,Cloud Infrastructure,1162.7516138018468
2023-12-31,Marketing,1435.6066393691249
2024-01-01,Cloud Infrastructure,874.4342144301474
2024-01-01,Marketing,737.7433734220265
2024-01-02,Cloud Infrastructure,1121.1937272582481
2024-01-02,Marketing,629.9339815807517
2024-01-03,Cloud Infrastructure,990.1849931047524
2024-01-03,Marketing,842.6384136160856
2024-01-04,Cloud Infrastructure,1124.3175303177659
2024-01-04,Marketing,980.3748685796938
2024-01-05,Cloud Infrastructure,980.7995105461331
2024-01-05,Marketing,828.2089684415951
2024-01-06,Cloud Infrastructure,842.281183602783
2024-01-06,Marketing,1064.6667743533958
2024-01-07,Cloud Infrastructure,850.7190981118013
2024-01-07,Marketing,1326.1091929187837
2024-01-08,Cloud Infrastructure,874.1596817591497
2024-01-08,Marketing,521.4065524059015
2024-01-09,Cloud Infrastructure,1197.993251084682
2024-01-09,Marketing,1031.5244700945905
2024-01-10,Cloud Infrastructure,1076.5386346921355
2024-01-10,Marketing,1273.9976696853255
2024-01-11,Cloud Infrastructure,908.2617069791136
2024-01-11,Marketing,1226.4690230228255
2024-01-12,Cloud Infrastructure,997.2677081914087
2024-01-12,Marketing,1010.6805614468886
2024-01-13,Cloud Infrastructure,1033.9963300519848
2024-01-13,Marketing,1479.230338889573
2024-01-14,Cloud Infrastructure,988.439469819983
2024-01-14,Marketing,621.4077866309882
2024-01-15,Cloud Infrastructure,1093.1082787768423
2024-01-15,Marketing,533.0642096715601
2024-01-16,Cloud Infrastructure,829.4374427008987
2024-01-16,Marketing,896.449817823792
2024-01-17,Cloud Infrastructure,1183.5221253694333
2024-01-17,Marketing,1363.3590368907712
2024-01-18,Cloud Infrastructure,1166.0416502549608
2024-01-18,Marketing,662.5829214343106
2024-01-19,Cloud Infrastructure,939.2604268990826
2024-01-19,Marketing,1046.2810416314535
2024-01-20,Cloud Infrastructure,1117.5834166715929
2024-01-20,Marketing,1341.4019456473989
2024-01-21,Cloud Infrastructure,1008.5491973618731
2024-01-21,Marketing,836.8855007183014
2024-01-22,Cloud Infrastructure,1045.9468553662036
2024-01-22,Marketing,735.5559064173527
2024-01-23,Cloud Infrastructure,1000.0891681423705
2024-01-23,Marketing,1160.7573054231195
2024-01-24,Cloud Infrastructure,1082.8837985004384
2024-01-24,Marketing,1139.1183070159036
2024-01-25,Cloud Infrastructure,889.9887028681984
2024-01-25,Marketing,876.1800169402015
2024-01-26,Cloud Infrastructure,1032.3629189967414
2024-01-26,Marketing,1483.510330750244
2024-01-27,Cloud Infrastructure,1046.2445432006793
2024-01-27,Marketing,1137.5755751897277
2024-01-28,Cloud Infrastructure,1023.0584525778684
2024-01-28,Marketing,1083.9576072455752
2024-01-29,Cloud Infrastructure,817.8443787584996
2024-01-29,Marketing,886.5537686316598
2024-01-30,Cloud Infrastructure,957.8269877476625
2024-01-30,Marketing,1401.137042310735
2024-01-31,Cloud Infrastructure,976.9819095902799
2024-01-31,Marketing,1490.420876798833
2024-02-01,Cloud Infrastructure,1113.6514118232496
2024-02-01,Marketing,1475.920902697334
2024-02-02,Cloud Infrastructure,1110.4172961906236
2024-02-02,Marketing,1231.92702180107
2024-02-03,Cloud Infrastructure,910.4355944257378
2024-02-03,Marketing,1440.7832076637787
2024-02-04,Cloud Infrastructure,966.0874363525609
2024-02-04,Marketing,605.3987519233311
2024-02-05,Cloud Infrastructure,913.2701418037329
2024-02-05,Marketing,1129.1030144426727
2024-02-06,Cloud Infrastructure,1048.2593443403669
2024-02-06,Marketing,689.9899107070573
2024-02-07,Cloud Infrastructure,999.4588901683503
2024-02-07,Marketing,1398.159946826294
2024-02-08,Cloud Infrastructure,1080.1891183669898
2024-02-08,Marketing,888.8524469254996
2024-02-09,Cloud Infrastructure,991.3779636178567
2024-02-09,Marketing,985.2210688689298
2024-02-10,Cloud Infrastructure,822.0500640481391
2024-02-10,Marketing,855.5248867569969
2024-02-11,Cloud Infrastructure,988.2859453374492
2024-02-11,Marketing,904.8690525373665
2024-02-12,Cloud Infrastructure,1161.5351727255606
2024-02-12,Marketing,1135.265160689777
2024-02-13,Cloud Infrastructure,1026.6632589329236
2024-02-13,Marketing,913.2212353191694
2024-02-14,Cloud Infrastructure,929.0886752351419
2024-02-14,Marketing,924.9775599654405
2024-02-15,Cloud Infrastructure,827.788516978798
2024-02-15,Marketing,1455.9532851408478
2024-02-16,Cloud Infrastructure,860.268137189023
2024-02-16,Marketing,844.6221139290341
2024-02-17,Cloud Infrastructure,864.3599869336728
2024-02-17,Marketing,1214.421797386387
2024-02-18,Cloud Infrastructure,802.5390138622623
2024-02-18,Marketing,1012.2326229478235
2024-02-19,Cloud Infrastructure,865.6326151329707
2024-02-19,Marketing,1185.7639771369454
2024-02-20,Cloud Infrastructure,891.4219826898961
2024-02-20,Marketing,1236.543082464319
2024-02-21,Cloud Infrastructure,1151.6294869757628
2024-02-21,Marketing,547.0090198193521
2024-02-22,Cloud Infrastructure,813.9858650189511
2024-02-22,Marketing,521.2699996042384
2024-02-23,Cloud Infrastructure,1158.3114473488429
2024-02-23,Marketing,910.8414669082385
2024-02-24,Cloud Infrastructure,1140.3509533680622
2024-02-24,Marketing,849.8117105662539
2024-02-25,Cloud Infrastructure,1040.238813534993
2024-02-25,Marketing,921.9576704934682
2024-02-26,Cloud Infrastructure,1016.7012927694757
2024-02-26,Marketing,1428.5351238242135
2024-02-27,Cloud Infrastructure,1010.8429453595479
2024-02-27,Marketing,1447.898545489058
2024-02-28,Cloud Infrastructure,1135.7454234756567
2024-02-28,Marketing,1243.7409896491145
2024-02-29,Cloud Infrastructure,906.6087779694273
2024-02-29,Marketing,1445.671391584348
2024-03-01,Cloud Infrastructure,811.494198216953
2024-03-01,Marketing,579.1882568420311
2024-03-02,Cloud Infrastructure,918.3731512272172
2024-03-02,Marketing,1426.33784891031
2024-03-03,Cloud Infrastructure,1179.6621982708987
2024-03-03,Marketing,749.1248063152703
2024-03-04,Cloud Infrastructure,1036.123020043136
2024-03-04,Marketing,782.7405740792096
2024-03-05,Cloud Infrastructure,1023.2139561201701
2024-03-05,Marketing,1299.4229606460271
2024-03-06,Cloud Infrastructure,867.0030243092239
2024-03-06,Marketing,553.7034085524172
2024-03-07,Cloud Infrastructure,1186.5174634100556
2024-03-07,Marketing,1127.1232563760714
2024-03-08,Cloud Infrastructure,898.7402701636398
2024-03-08,Marketing,818.3815950424764
2024-03-09,Cloud Infrastructure,902.9377615198241
2024-03-09,Marketing,1348.137731160159
2024-03-10,Cloud Infrastructure,1013.98482122975
2024-03-10,Marketing,618.2474846502654
2024-03-11,Cloud Infrastructure,862.7876365198723
2024-03-11,Marketing,1136.8120779878313
2024-03-12,Cloud Infrastructure,958.7647440159365
2024-03-12,Marketing,1376.4144054572648
2024-03-13,Cloud Infrastructure,1036.6091095978982
2024-03-13,Marketing,877.0074778069994
2024-03-14,Cloud Infrastructure,1086.761048067068
2024-03-14,Marketing,559.9134095872546
2024-03-15,Cloud Infrastructure,1101.0189020504017
2024-03-15,Marketing,995.4780924256258
2024-03-16,Cloud Infrastructure,1020.0371968457008
2024-03-16,Marketing,1357.3660351933677
2024-03-17,Cloud Infrastructure,1072.8250099912
2024-03-17,Marketing,553.6856749689025
2024-03-18,Cloud Infrastructure,1014.1759829287785
2024-03-18,Marketing,1366.521621467671
2024-03-19,Cloud Infrastructure,1137.3683288208774
2024-03-19,Marketing,645.5832912149615
2024-03-20,Cloud Infrastructure,1191.9533295489694
2024-03-20,Marketing,918.7764112431344
2024-03-21,Cloud Infrastructure,815.7097564413754
2024-03-21,Marketing,586.3536403408159
2024-03-22,Cloud Infrastructure,1037.5677907290763
2024-03-22,Marketing,901.5552337641091
2024-03-23,Cloud Infrastructure,912.7444340187894
2024-03-23,Marketing,1024.9721103795582
2024-03-24,Cloud Infrastructure,819.4504798673624
2024-03-24,Marketing,568.4762420885056
2024-03-25,Cloud Infrastructure,876.3363389527082
2024-03-25,Marketing,998.3856049931373
2024-03-26,Cloud Infrastructure,1171.243362344175
2024-03-26,Marketing,1407.857666389696
2024-03-27,Cloud Infrastructure,1166.9641924503808
2024-03-27,Marketing,752.2708799417774
2024-03-28,Cloud Infrastructure,1045.8453582446582
2024-03-28,Marketing,1045.23442761506
2024-03-29,Cloud Infrastructure,815.2767492349863
2024-03-29,Marketing,883.8352935391345
2024-03-30,Cloud Infrastructure,948.1636948387
2024-03-30,Marketing,779.5606775234359
2024-03-31,Cloud Infrastructure,1098.3283666224443
2024-03-31,Marketing,889.2667028378376
2024-04-01,Cloud Infrastructure,811.2599153543423
2024-04-01,Marketing,815.3654142014324
2024-04-02,Cloud Infrastructure,907.1713713433434
2024-04-02,Marketing,1044.6313272672264
2024-04-03,Cloud Infrastructure,924.6625522716962
2024-04-03,Marketing,1340.9699818183753
2024-04-04,Cloud Infrastructure,976.9053446223227
2024-04-04,Marketing,1316.937688029444
2024-04-05,Cloud Infrastructure,867.4897844391402
2024-04-05,Marketing,1190.9231911384961
2024-04-06,Cloud Infrastructure,1091.818765035391
2024-04-06,Marketing,1391.4478873413216
2024-04-07,Cloud Infrastructure,1147.5552446376732
2024-04-07,Marketing,1089.7640263013573
2024-04-08,Cloud Infrastructure,1009.6986987806631
2024-04-08,Marketing,609.2440998471436
2024-04-09,Cloud Infrastructure,1181.3338284398692
2024-04-09,Marketing,1175.376787081601
2024-04-10,Cloud Infrastructure,1050.5961540208648
2024-04-10,Marketing,1118.3657690445652
2024-04-11,Cloud Infrastructure,1011.7222284098225
2024-04-11,Marketing,1360.3991360568907
2024-04-12,Cloud Infrastructure,903.0723797462063
2024-04-12,Marketing,1064.8924426884835
2024-04-13,Cloud Infrastructure,904.3311525159419
2024-04-13,Marketing,508.33195321606684
2024-04-14,Cloud Infrastructure,819.8050654049061
2024-04-14,Marketing,1302.2570437229242
2024-04-15,Cloud Infrastructure,842.9316258788646
2024-04-15,Marketing,1044.8211080759359
2024-04-16,Cloud Infrastructure,1088.5409152856444
2024-04-16,Marketing,664.0906694105854
2024-04-17,Cloud Infrastructure,890.147675741808
2024-04-17,Marketing,646.2371483441794
2024-04-18,Cloud Infrastructure,1027.6836187321826
2024-04-18,Marketing,561.0377479351208
2024-04-19,Cloud Infrastructure,1158.199070430132
2024-04-19,Marketing,1077.4147070753816
2024-04-20,Cloud Infrastructure,1047.9794766026907
2024-04-20,Marketing,619.5877521658523
2024-04-21,Cloud Infrastructure,1187.3168872872668
2024-04-21,Marketing,1170.283634477653
2024-04-22,Cloud Infrastructure,1023.5318407244681
2024-04-22,Marketing,1006.2167095698027
2024-04-23,Cloud Infrastructure,1185.4059626818603
2024-04-23,Marketing,902.6719706753811
2024-04-24,Cloud Infrastructure,804.33837802207
2024-04-24,Marketing,684.7536914828218
2024-04-25,Cloud Infrastructure,1076.1137208906628
2024-04-25,Marketing,1343.3788814862082
2024-04-26,Cloud Infrastructure,1123.7279889606539
2024-04-26,Marketing,1008.3108941331026
2024-04-27,Cloud Infrastructure,1175.4078274916687
2024-04-27,Marketing,887.0110797417958
2024-04-28,Cloud Infrastructure,948.8023770120258
2024-04-28,Marketing,1099.076159641455
2024-04-29,Cloud Infrastructure,850.3112137774983
2024-04-29,Marketing,666.5226151242612
2024-04-30,Cloud Infrastructure,1191.9307431799214
2024-04-30,Marketing,1053.6435472281055
2024-05-01,Cloud Infrastructure,992.7486813834064
2024-05-01,Marketing,840.836068260294
2024-05-02,Cloud Infrastructure,885.3607945198937
2024-05-02,Marketing,1466.9763694621224
2024-05-03,Cloud Infrastructure,874.5682072180549
2024-05-03,Marketing,1042.427288492379
2024-05-04,Cloud Infrastructure,1028.207932877419
2024-05-04,Marketing,898.418647732306
2024-05-05,Cloud Infrastructure,1040.478691471646
2024-05-05,Marketing,855.2337986342394
2024-05-06,Cloud Infrastructure,911.2506176788979
2024-05-06,Marketing,1293.3621751477335
2024-05-07,Cloud Infrastructure,998.499364227453
2024-05-07,Marketing,1402.4788316369259
2024-05-08,Cloud Infrastructure,960.2863557006478
2024-05-08,Marketing,1031.2697185345432
2024-05-09,Cloud Infrastructure,1105.9609686461054
2024-05-09,Marketing,664.8447842542987
2024-05-10,Cloud Infrastructure,1170.028000533337
2024-05-10,Marketing,1402.5474589560724
2024-05-11,Cloud Infrastructure,1177.6654979597884
2024-05-11,Marketing,802.4111922014736
2024-05-12,Cloud Infrastructure,1077.3003979400198
2024-05-12,Marketing,1467.650405297179
2024-05-13,Cloud Infrastructure,980.5727381278518
2024-05-13,Marketing,1213.9495375764172
2024-05-14,Cloud Infrastructure,1093.424560231673
2024-05-14,Marketing,1425.0297580962933
2024-05-15,Cloud Infrastructure,1021.9047184327695
2024-05-15,Marketing,987.8856092477607
2024-05-16,Cloud Infrastructure,887.1505801253898
2024-05-16,Marketing,931.8151592151053
2024-05-17,Cloud Infrastructure,997.5738982950246
2024-05-17,Marketing,529.6824660279963
2024-05-18,Cloud Infrastructure,1056.7742750556995
2024-05-18,Marketing,836.4496120266263
2024-05-19,Cloud Infrastructure,908.1945056916525
2024-05-19,Marketing,1081.7566446829615
2024-05-20,Cloud Infrastructure,1156.0592627213948
2024-05-20,Marketing,642.2075198897685
2024-05-21,Cloud Infrastructure,820.251848192756
2024-05-21,Marketing,981.7950504544618
2024-05-22,Cloud Infrastructure,1141.0662544761221
2024-05-22,Marketing,1102.4461986360593
2024-05-23,Cloud Infrastructure,894.2440408269355
2024-05-23,Marketing,1024.2831822387402
2024-05-24,Cloud Infrastructure,1006.4255124402922
2024-05-24,Marketing,859.1786993267065
2024-05-25,Cloud Infrastructure,1018.4154326564658
2024-05-25,Marketing,621.9555236271882
2024-05-26,Cloud Infrastructure,922.5421796463936
2024-05-26,Marketing,543.793249098138
2024-05-27,Cloud Infrastructure,844.669059450807
2024-05-27,Marketing,980.5866765537489
2024-05-28,Cloud Infrastructure,1022.6582712799016
2024-05-28,Marketing,1222.0564913983699
2024-05-29,Cloud Infrastructure,1170.2387675171183
2024-05-29,Marketing,1241.5054886555886
2024-05-30,Cloud Infrastructure,1133.4901636873842
2024-05-30,Marketing,1170.1133292006766
2024-05-31,Cloud Infrastructure,868.7650071713844
2024-05-31,Marketing,1468.5082022592214
2024-06-01,Cloud Infrastructure,1043.496367475276
2024-06-01,Marketing,759.3368075783483
2024-06-02,Cloud Infrastructure,855.5461472335793
2024-06-02,Marketing,1265.5284463501716
2024-06-03,Cloud Infrastructure,952.1409493135417
2024-06-03,Marketing,1119.808730898937
2024-06-04,Cloud Infrastructure,1062.758402764305
2024-06-04,Marketing,1394.886250766037
2024-06-05,Cloud Infrastructure,1165.4848282829687
2024-06-05,Marketing,932.6238670420298
2024-06-06,Cloud Infrastructure,1157.2531826622258
2024-06-06,Marketing,1384.3995964031556
2024-06-07,Cloud Infrastructure,964.1424081986831
2024-06-07,Marketing,507.5015570280611
2024-06-08,Cloud Infrastructure,1105.4014889315683
2024-06-08,Marketing,1397.6811840902924
2024-06-09,Cloud Infrastructure,1023.4183382371064
2024-06-09,Marketing,1255.2469898737108
2024-06-10,Cloud Infrastructure,926.6300406624156
2024-06-10,Marketing,1283.9968872561417
2024-06-11,Cloud Infrastructure,1101.0414274158727
2024-06-11,Marketing,1279.1075564801888
2024-06-12,Cloud Infrastructure,905.656403817334
2024-06-12,Marketing,1451.3985675623876
2024-06-13,Cloud Infrastructure,1093.528536811018
2024-06-13,Marketing,703.257888216313
2024-06-14,Cloud Infrastructure,1099.8029542495635
2024-06-14,Marketing,865.894107043049
2024-06-15,Cloud Infrastructure,1124.8394777435342
2024-06-15,Marketing,749.6622419021207
2024-06-16,Cloud Infrastructure,1127.7717768283085
2024-06-16,Marketing,593.9902803462343
2024-06-17,Cloud Infrastructure,878.6713719602641
2024-06-17,Marketing,839.8223048149072
2024-06-18,Cloud Infrastructure,872.7235059614516
2024-06-18,Marketing,947.1355249397282
2024-06-19,Cloud Infrastructure,873.3912695962568
2024-06-19,Marketing,1364.8101936637686
2024-06-20,Cloud Infrastructure,864.5062986474057
2024-06-20,Marketing,1417.5222182082202
2024-06-21,Cloud Infrastructure,851.9395320134129
2024-06-21,Marketing,1291.7595869090578
2024-06-22,Cloud Infrastructure,957.1476972729248
2024-06-22,Marketing,570.7920740306243
2024-06-23,Cloud Infrastructure,1056.797221269584
2024-06-23,Marketing,1270.6836764678173
2024-06-24,Cloud Infrastructure,860.5034150725288
2024-06-24,Marketing,1421.7071425832746
2024-06-25,Cloud Infrastructure,1083.269876424377
2024-06-25,Marketing,699.9223031649196
2024-06-26,Cloud Infrastructure,1031.2774500236778
2024-06-26,Marketing,842.4182823544865
2024-06-27,Cloud Infrastructure,1051.4437882006546
2024-06-27,Marketing,1485.3976651873445
2024-06-28,Cloud Infrastructure,860.5813976793498
2024-06-28,Marketing,1194.593636632761
2024-06-29,Cloud Infrastructure,859.1853626189607
2024-06-29,Marketing,588.335956246986
2024-06-30,Cloud Infrastructure,1144.121284019302
2024-06-30,Marketing,1209.6067126014998
2024-07-01,Cloud Infrastructure,1130.8779951462066
2024-07-01,Marketing,698.6572685061802
2024-07-02,Cloud Infrastructure,1183.1954405565411
2024-07-02,Marketing,915.5897495417348
2024-07-03,Cloud Infrastructure,884.4434024514601
2024-07-03,Marketing,518.0666968150975
2024-07-04,Cloud Infrastructure,994.1722810101357
2024-07-04,Marketing,1050.6504589407973
2024-07-05,Cloud Infrastructure,1029.9661962643074
2024-07-05,Marketing,546.2557171045638
2024-07-06,Cloud Infrastructure,1094.784622016455
2024-07-06,Marketing,818.474978859848
2024-07-07,Cloud Infrastructure,1164.0786270953085
2024-07-07,Marketing,1155.6897122903106
2024-07-08,Cloud Infrastructure,869.029182380513
2024-07-08,Marketing,863.836224752037
2024-07-09,Cloud Infrastructure,1068.8311907230445
2024-07-09,Marketing,935.3119701059072
2024-07-10,Cloud Infrastructure,1081.8904135099713
2024-07-10,Marketing,1344.3713111620818
2024-07-11,Cloud Infrastructure,1126.5675983493893
2024-07-11,Marketing,708.9958794992664
2024-07-12,Cloud Infrastructure,990.5612619417983
2024-07-12,Marketing,634.2518321597317
2024-07-13,Cloud Infrastructure,806.5076106989967
2024-07-13,Marketing,973.0474257338262
2024-07-14,Cloud Infrastructure,887.8246598519739
2024-07-14,Marketing,546.2515590886065
2024-07-15,Cloud Infrastructure,947.5971580621895
2024-07-15,Marketing,1259.586552442183
2024-07-16,Cloud Infrastructure,1105.310623963082
2024-07-16,Marketing,609.9274237204328
2024-07-17,Cloud Infrastructure,1195.3015949610822
2024-07-17,Marketing,1323.003292943682
2024-07-18,Cloud Infrastructure,931.5080430410427
2024-07-18,Marketing,1258.3511559716508
2024-07-19,Cloud Infrastructure,1117.1604212320744
2024-07-19,Marketing,1463.7493632864184
2024-07-20,Cloud Infrastructure,813.3447207364372
2024-07-20,Marketing,942.2597201475983
2024-07-21,Cloud Infrastructure,1055.8909711907008
2024-07-21,Marketing,1291.6558281469265
2024-07-22,Cloud Infrastructure,1009.4084356698644
2024-07-22,Marketing,929.4078137715703
2024-07-23,Cloud Infrastructure,975.5874242165969
2024-07-23,Marketing,1072.6735746353907
2024-07-24,Cloud Infrastructure,1041.6982534963868
2024-07-24,Marketing,681.6521706646995
2024-07-25,Cloud Infrastructure,986.6777857594057
2024-07-25,Marketing,1209.9754492839047
2024-07-26,Cloud Infrastructure,925.330021919979
2024-07-26,Marketing,841.3939078103442
2024-07-27,Cloud Infrastructure,976.3646783411609
2024-07-27,Marketing,1430.2042739441704
2024-07-28,Cloud Infrastructure,983.4649183621466
2024-07-28,Marketing,889.7481510616807
2024-07-29,Cloud Infrastructure,940.7087791361631
2024-07-29,Marketing,603.0669609686071
2024-07-30,Cloud Infrastructure,1030.6844938369923
2024-07-30,Marketing,650.9996741886964
2024-07-31,Cloud Infrastructure,835.988397331965
2024-07-31,Marketing,575.7790333422776
2024-08-01,Cloud Infrastructure,1062.1696809842
2024-08-01,Marketing,1017.486647856125
2024-08-02,Cloud Infrastructure,816.1303316626999
2024-08-02,Marketing,884.8453395210483
2024-08-03,Cloud Infrastructure,1141.1882679386413
2024-08-03,Marketing,962.5104537778491
2024-08-04,Cloud Infrastructure,975.0529247317396
2024-08-04,Marketing,513.5874573327231
2024-08-05,Cloud Infrastructure,931.5446683592847
2024-08-05,Marketing,541.3576768165099
2024-08-06,Cloud Infrastructure,1188.4061115773568
2024-08-06,Marketing,1345.1953622855872
2024-08-07,Cloud Infrastructure,1193.916481390228
2024-08-07,Marketing,979.7156740973303
2024-08-08,Cloud Infrastructure,1196.994833214385
2024-08-08,Marketing,1107.9318175551905
2024-08-09,Cloud Infrastructure,854.2092849955555
2024-08-09,Marketing,1296.1425803352163
2024-08-10,Cloud Infrastructure,1086.825681189228
2024-08-10,Marketing,1098.1175371701652
2024-08-11,Cloud Infrastructure,1185.437679905982
2024-08-11,Marketing,507.52761415916103
2024-08-12,Cloud Infrastructure,1016.3066030244097
2024-08-12,Marketing,813.5546075512397
2024-08-13,Cloud Infrastructure,851.6427948610269
2024-08-13,Marketing,1464.5881780064835
2024-08-14,Cloud Infrastructure,945.8367311039985
2024-08-14,Marketing,1263.5880779235958
2024-08-15,Cloud Infrastructure,1068.9492393544306
2024-08-15,Marketing,910.4889195560261
2024-08-16,Cloud Infrastructure,1158.1644717154788
2024-08-16,Marketing,811.4902012488421
2024-08-17,Cloud Infrastructure,934.3890709932691
2024-08-17,Marketing,1139.5562983919835
2024-08-18,Cloud Infrastructure,807.4647614310143
2024-08-18,Marketing,1149.371732248262
2024-08-19,Cloud Infrastructure,851.6217730280456
2024-08-19,Marketing,1240.8144136557821
2024-08-20,Cloud Infrastructure,923.5284987767325
2024-08-20,Marketing,918.2160388945124
2024-08-21,Cloud Infrastructure,972.9505235267778
2024-08-21,Marketing,1194.2033556491942
2024-08-22,Cloud Infrastructure,931.595420339247
2024-08-22,Marketing,1365.6065289289215
2024-08-23,Cloud Infrastructure,927.2258239537298
2024-08-23,Marketing,878.417184967198
2024-08-24,Cloud Infrastructure,1033.90603232214
2024-08-24,Marketing,946.0608190308178
2024-08-25,Cloud Infrastructure,1015.4485412802403
2024-08-25,Marketing,985.6207247542548
2024-08-26,Cloud Infrastructure,1082.2601962043136
2024-08-26,Marketing,1086.7624553613862
2024-08-27,Cloud Infrastructure,1114.3326539389416
2024-08-27,Marketing,517.8632322118673
2024-08-28,Cloud Infrastructure,1027.5058493536808
2024-08-28,Marketing,956.9181816118269
2024-08-29,Cloud Infrastructure,1192.1258832237022
2024-08-29,Marketing,908.9087962835647
2024-08-30,Cloud Infrastructure,1121.668162052811
2024-08-30,Marketing,959.9038265016868
2024-08-31,Cloud Infrastructure,1174.8491865385472
2024-08-31,Marketing,1072.781866328634
2024-09-01,Cloud Infrastructure,1125.4039055346427
2024-09-01,Marketing,512.3063989663733
2024-09-02,Cloud Infrastructure,1098.2054444031537
2024-09-02,Marketing,643.8063902117203
2024-09-03,Cloud Infrastructure,983.6475611086256
2024-09-03,Marketing,896.0248564680062
2024-09-04,Cloud Infrastructure,1052.978420738335
2024-09-04,Marketing,1408.6610082893926
2024-09-05,Cloud Infrastructure,1071.8290486319306
2024-09-05,Marketing,1223.928507570791
2024-09-06,Cloud Infrastructure,933.5708217918382
2024-09-06,Marketing,944.9003326625275
2024-09-07,Cloud Infrastructure,1050.8537466602577
2024-09-07,Marketing,1463.1303455898465
2024-09-08,Cloud Infrastructure,860.3300958956224
2024-09-08,Marketing,1011.4117809763213
2024-09-09,Cloud Infrastructure,828.4844456837062
2024-09-09,Marketing,936.8768558669367
2024-09-10,Cloud Infrastructure,1018.4601680415069
2024-09-10,Marketing,1321.5724272109242
2024-09-11,Cloud Infrastructure,1087.7479229541736
2024-09-11,Marketing,1229.6025989039074
2024-09-12,Cloud Infrastructure,1135.6466851344117
2024-09-12,Marketing,526.1326854952576
2024-09-13,Cloud Infrastructure,968.1964384676555
2024-09-13,Marketing,1385.2211212526745
2024-09-14,Cloud Infrastructure,1195.553515329358
2024-09-14,Marketing,695.0883909086394
2024-09-15,Cloud Infrastructure,962.761115831819
2024-09-15,Marketing,1492.7413962026453
2024-09-16,Cloud Infrastructure,924.7839278158547
2024-09-16,Marketing,893.2422778342548
2024-09-17,Cloud Infrastructure,1077.2878556832143
2024-09-17,Marketing,696.1731605222421
2024-09-18,Cloud Infrastructure,1130.0153346198838
2024-09-18,Marketing,996.9591270755453
2024-09-19,Cloud Infrastructure,873.6886337302204
2024-09-19,Marketing,990.3677399665132
2024-09-20,Cloud Infrastructure,986.9375866732962
2024-09-20,Marketing,1111.208905132383
2024-09-21,Cloud Infrastructure,1138.8128280322833
2024-09-21,Marketing,570.8441756107331
2024-09-22,Cloud Infrastructure,1199.8895283517659
2024-09-22,Marketing,1398.5161546493289
2024-09-23,Cloud Infrastructure,943.6407721900996
2024-09-23,Marketing,1005.8756685142803
2024-09-24,Cloud Infrastructure,1001.3955891746275
2024-09-24,Marketing,664.0239854517706
2024-09-25,Cloud Infrastructure,1163.2073951644772
2024-09-25,Marketing,1359.3577171949394
2024-09-26,Cloud Infrastructure,1195.6493344330072
2024-09-26,Marketing,1247.115405532752
2024-09-27,Cloud Infrastructure,1085.9066149680514
2024-09-27,Marketing,1246.1036653691478
2024-09-28,Cloud Infrastructure,936.5479372240588
2024-09-28,Marketing,857.3336629906139
2024-09-29,Cloud Infrastructure,1167.1490024628429
2024-09-29,Marketing,1439.7712609173607
2024-09-30,Cloud Infrastructure,946.2365881725952
2024-09-30,Marketing,1299.275948445384
2024-10-01,Cloud Infrastructure,1164.712649659229
2024-10-01,Marketing,1347.7977359592214
2024-10-02,Cloud Infrastructure,1017.1192967082966
2024-10-02,Marketing,1239.3702619586838
2024-10-03,Cloud Infrastructure,1136.0671850129345
2024-10-03,Marketing,879.4970378993141
2024-10-04,Cloud Infrastructure,1033.3472945192248
2024-10-04,Marketing,1092.1899909745262
2024-10-05,Cloud Infrastructure,919.3639538803377
2024-10-05,Marketing,588.5515449841661
2024-10-06,Cloud Infrastructure,1092.4209813678308
2024-10-06,Marketing,922.9398821500336
2024-10-07,Cloud Infrastructure,922.9450999776922
2024-10-07,Marketing,662.9735392651993
2024-10-08,Cloud Infrastructure,900.9997917736632
2024-10-08,Marketing,936.3734018919861
2024-10-09,Cloud Infrastructure,1016.8042459957537
2024-10-09,Marketing,1071.890720449338
2024-10-10,Cloud Infrastructure,1136.950024814479
2024-10-10,Marketing,618.7483979391886
2024-10-11,Cloud Infrastructure,1079.9925948865587
2024-10-11,Marketing,886.9561995610329
2024-10-12,Cloud Infrastructure,1023.4422036405381
2024-10-12,Marketing,1462.0842105993956
2024-10-13,Cloud Infrastructure,1017.0241994202484
2024-10-13,Marketing,1301.5938303252337
2024-10-14,Cloud Infrastructure,1009.4208756022176
2024-10-14,Marketing,1278.7190255628352
2024-10-15,Cloud Infrastructure,974.5428396278915
2024-10-15,Marketing,1375.920876222578
2024-10-16,Cloud Infrastructure,1125.4038031241348
2024-10-16,Marketing,714.7381252941964
2024-10-17,Cloud Infrastructure,1154.5523854581093
2024-10-17,Marketing,1394.6029132850317
2024-10-18,Cloud Infrastructure,1062.062232660912
2024-10-18,Marketing,904.7421722510965
2024-10-19,Cloud Infrastructure,1107.0554910467101
2024-10-19,Marketing,780.5918365069856
2024-10-20,Cloud Infrastructure,1186.4715963220142
2024-10-20,Marketing,792.2066620668338
2024-10-21,Cloud Infrastructure,1147.2709288905269
2024-10-21,Marketing,1326.1100831477193
2024-10-22,Cloud Infrastructure,1006.4780095291017
2024-10-22,Marketing,1318.0573511114421
2024-10-23,Cloud Infrastructure,832.5111600921097
2024-10-23,Marketing,707.8512297133417
2024-10-24,Cloud Infrastructure,1178.948280865296
2024-10-24,Marketing,748.4181357222902
2024-10-25,Cloud Infrastructure,1184.4726107621132
2024-10-25,Marketing,1055.6089061291202
2024-10-26,Cloud Infrastructure,808.6288792845822
2024-10-26,Marketing,504.92715193488067
2024-10-27,Cloud Infrastructure,1127.631076577783
2024-10-27,Marketing,661.5860808487901
2024-10-28,Cloud Infrastructure,1075.465420794992
2024-10-28,Marketing,1363.6533198905654
2024-10-29,Cloud Infrastructure,1124.783692016948
2024-10-29,Marketing,1223.5603625684
2024-10-30,Cloud Infrastructure,810.9705417127079
2024-10-30,Marketing,1417.5336739622269
2024-10-31,Cloud Infrastructure,837.34272223746
2024-10-31,Marketing,878.910275962375
2024-11-01,Cloud Infrastructure,1138.0901950812297
2024-11-01,Marketing,1129.7178093620078
2024-11-02,Cloud Infrastructure,841.4855845932414
2024-11-02,Marketing,1347.462319431106
2024-11-03,Cloud Infrastructure,946.698082318354
2024-11-03,Marketing,870.4097515501886
2024-11-04,Cloud Infrastructure,807.401972149478
2024-11-04,Marketing,798.9770585030826
2024-11-05,Cloud Infrastructure,1137.6913923490756
2024-11-05,Marketing,1361.9151344032316
2024-11-06,Cloud Infrastructure,926.9323622087493
2024-11-06,Marketing,1217.087880780759
2024-11-07,Cloud Infrastructure,1137.503604356029
2024-11-07,Marketing,670.770877580597
2024-11-08,Cloud Infrastructure,932.8056531350202
2024-11-08,Marketing,937.1050754340057
2024-11-09,Cloud Infrastructure,1186.4873175828166
2024-11-09,Marketing,526.238356063827
2024-11-10,Cloud Infrastructure,886.6914366891785
2024-11-10,Marketing,1373.591624614428
2024-11-11,Cloud Infrastructure,980.3312434529179
2024-11-11,Marketing,972.4201225929038
2024-11-12,Cloud Infrastructure,1028.7427749227202
2024-11-12,Marketing,1004.012094871917
2024-11-13,Cloud Infrastructure,815.5438731827418
2024-11-13,Marketing,1210.1132254876184
2024-11-14,Cloud Infrastructure,921.1656552519833
2024-11-14,Marketing,891.7924309479835
2024-11-15,Cloud Infrastructure,1057.5577306449861
2024-11-15,Marketing,700.5652449498209
2024-11-16,Cloud Infrastructure,937.1200675447125
2024-11-16,Marketing,810.2795087692825
2024-11-17,Cloud Infrastructure,928.5677623921238
2024-11-17,Marketing,570.0504427698814
2024-11-18,Cloud Infrastructure,1145.4388331231446
2024-11-18,Marketing,731.6634890988998
2024-11-19,Cloud Infrastructure,1078.2797075084432
2024-11-19,Marketing,1073.1434459390698
2024-11-20,Cloud Infrastructure,889.8546196031926
2024-11-20,Marketing,1050.1891693740122
2024-11-21,Cloud Infrastructure,901.3574105401989
2024-11-21,Marketing,1309.2689710041693
2024-11-22,Cloud Infrastructure,1018.801392566787
2024-11-22,Marketing,895.911736427724
2024-11-23,Cloud Infrastructure,1073.1224624697322
2024-11-23,Marketing,652.9820363000796
2024-11-24,Cloud Infrastructure,855.437332833579
2024-11-24,Marketing,1236.3355500172815
2024-11-25,Cloud Infrastructure,1073.614774076541
2024-11-25,Marketing,1237.4892766099892
2024-11-26,Cloud Infrastructure,937.427951137097
2024-11-26,Marketing,1165.0980458363465
2024-11-27,Cloud Infrastructure,1181.7071937188666
2024-11-27,Marketing,686.9483234616043
2024-11-28,Cloud Infrastructure,1060.397438609117
2024-11-28,Marketing,1181.5047319967534
2024-11-29,Cloud Infrastructure,836.5041452055136
2024-11-29,Marketing,680.0376316193568
2024-11-30,Cloud Infrastructure,874.4601340401233
2024-11-30,Marketing,948.0808051451675
2024-12-01,Cloud Infrastructure,1117.5149072913973
2024-12-01,Marketing,1342.689697698203
2024-12-02,Cloud Infrastructure,1127.1526280619719
2024-12-02,Marketing,1346.7531736039161
2024-12-03,Cloud Infrastructure,1063.8390933120727
2024-12-03,Marketing,1055.4958620002267
2024-12-04,Cloud Infrastructure,860.9717788619605
2024-12-04,Marketing,775.0314469166487
2024-12-05,Cloud Infrastructure,974.0434434042338
2024-12-05,Marketing,826.0358868339799
2024-12-06,Cloud Infrastructure,829.9483846669019
2024-12-06,Marketing,1020.3252122487829
2024-12-07,Cloud Infrastructure,972.2972361813925
2024-12-07,Marketing,1394.005942438163
2024-12-08,Cloud Infrastructure,814.8784430865821
2024-12-08,Marketing,542.7808589268745
2024-12-09,Cloud Infrastructure,1071.5614862667537
2024-12-09,Marketing,1232.3392645663102
2024-12-10,Cloud Infrastructure,1089.4227935463593
2024-12-10,Marketing,757.2536919580357
2024-12-11,Cloud Infrastructure,840.3641245065115
2024-12-11,Marketing,507.95305562893236
2024-12-12,Cloud Infrastructure,1183.1488327978416
2024-12-12,Marketing,968.3467729705644
2024-12-13,Cloud Infrastructure,905.4316212537512
2024-12-13,Marketing,742.02263712373
2024-12-14,Cloud Infrastructure,997.6003010290835
2024-12-14,Marketing,1355.7967803670779
2024-12-15,Cloud Infrastructure,1080.7146994186926
2024-12-15,Marketing,787.5215083381407
2024-12-16,Cloud Infrastructure,1091.675625887319
2024-12-16,Marketing,1322.7313706591344
2024-12-17,Cloud Infrastructure,964.3475053033721
2024-12-17,Marketing,1270.1584753641944
2024-12-18,Cloud Infrastructure,955.2257135505702
2024-12-18,Marketing,1310.8298695142648
2024-12-19,Cloud Infrastructure,1104.6911786983333
2024-12-19,Marketing,1167.9128277049397
2024-12-20,Cloud Infrastructure,932.0856962015547
2024-12-20,Marketing,1167.4455713941256
2024-12-21,Cloud Infrastructure,1028.4822258888273
2024-12-21,Marketing,664.5063856326988
2024-12-22,Cloud Infrastructure,1150.1458165335412
2024-12-22,Marketing,1009.9012938292437
2024-12-23,Cloud Infrastructure,1057.0528354135101
2024-12-23,Marketing,993.5207578457216
2024-12-24,Cloud Infrastructure,830.2848397713975
2024-12-24,Marketing,827.0908197986649
2024-12-25,Cloud Infrastructure,1118.0247341156287
2024-12-25,Marketing,1117.6108303930619
2024-12-26,Cloud Infrastructure,860.7251038945882
2024-12-26,Marketing,1445.015785524979
2024-12-27,Cloud Infrastructure,1033.1140494192175
2024-12-27,Marketing,1113.5283620488685
2024-12-28,Cloud Infrastructure,928.8967504980062
2024-12-28,Marketing,731.4332283076249
2024-12-29,Cloud Infrastructure,1096.2767441115006
2024-12-29,Marketing,936.3907999668861
2024-12-30,Cloud Infrastructure,801.3914972251195
2024-12-30,Marketing,628.1586359132631
2024-12-31,Cloud Infrastructure,1074.5656791209337
2024-12-31,Marketing,1369.6328484367682
